{
  "step": 35,
  "y_next": -0.4250186148909155,
  "z_next": [
    -2.697841726618705,
    -2.9568345323741005
  ]
}