{
  "step": 26,
  "y_next": -0.5449623443575553,
  "z_next": [
    -1.920863309352518,
    1.100719424460432
  ]
}