{
  "step": 92,
  "y_next": -0.3661318585617816,
  "z_next": [
    -2.093525179856115,
    2.611510791366907
  ]
}