{
  "step": 28,
  "y_next": -1.9115742291130242,
  "z_next": [
    2.956834532374101,
    -3.0
  ]
}