{
  "step": 51,
  "y_next": -7.403471799543979,
  "z_next": [
    -0.6258992805755392,
    -3.0
  ]
}