{
  "step": 76,
  "y_next": -0.37853118168636196,
  "z_next": [
    -2.352517985611511,
    2.3956834532374103
  ]
}