{
  "step": 74,
  "y_next": -2.117076371582306,
  "z_next": [
    2.605283987548763,
    0.6837957357953757
  ]
}