{
  "step": 77,
  "y_next": -0.3940667647931471,
  "z_next": [
    -2.741007194244604,
    -0.5395683453237408
  ]
}