{
  "step": 36,
  "y_next": -2.044974686904877,
  "z_next": [
    2.71649406910191,
    -0.31724772829423564
  ]
}