{
  "step": 9,
  "y_next": -0.6552172797595587,
  "z_next": [
    0.9186499527923906,
    -1.4802503847613073
  ]
}