{
  "step": 72,
  "y_next": -0.38479528636285926,
  "z_next": [
    -3.0,
    -2.0071942446043165
  ]
}