{
  "step": 13,
  "y_next": -7.836179011483287,
  "z_next": [
    -0.7876489760342151,
    1.9259593790876108
  ]
}