{
  "step": 2,
  "y_next": -0.37542324617711054,
  "z_next": [
    -2.9136690647482015,
    1.6187050359712236
  ]
}