{
  "step": 88,
  "y_next": -0.43574748946920383,
  "z_next": [
    -2.4820143884892087,
    -1.618705035971223
  ]
}