{
  "step": 98,
  "y_next": -0.3817018886642858,
  "z_next": [
    -2.4388489208633093,
    1.3597122302158278
  ]
}