{
  "step": 91,
  "y_next": -0.587361726433743,
  "z_next": [
    -1.5323741007194245,
    1.7913669064748206
  ]
}