{
  "step": 40,
  "y_next": -0.3635014220405212,
  "z_next": [
    -2.0503597122302155,
    2.1798561151079143
  ]
}