{
  "step": 3,
  "y_next": -0.4071180439818691,
  "z_next": [
    -2.4820143884892087,
    3.0
  ]
}