{
  "step": 12,
  "y_next": -1.419981513293027,
  "z_next": [
    0.9379775367916405,
    -2.170902291908317
  ]
}