{
  "step": 73,
  "y_next": -3.1561526224026983,
  "z_next": [
    0.7288704089985814,
    0.4633715316250058
  ]
}