{
  "step": 10,
  "y_next": -0.4115227975889226,
  "z_next": [
    -2.6546762589928057,
    -1.143884892086331
  ]
}