{
  "step": 101,
  "y_next": -0.41314538380574806,
  "z_next": [
    -2.870503597122302,
    -2.9568345323741005
  ]
}