{
  "step": 82,
  "y_next": -10.072720209828613,
  "z_next": [
    -0.07297377384621484,
    2.2860273732100493
  ]
}