{
  "step": 7,
  "y_next": -9.9539797395487,
  "z_next": [
    0.8056443477440105,
    2.753695611747122
  ]
}