{
  "step": 23,
  "y_next": -1.464150160633641,
  "z_next": [
    -1.2302158273381294,
    -2.6115107913669062
  ]
}