{
  "step": 17,
  "y_next": -0.38584591433453846,
  "z_next": [
    -2.6546762589928057,
    2.1798561151079143
  ]
}