{
  "step": 66,
  "y_next": -9.262144199099883,
  "z_next": [
    1.5894701939811426,
    2.6647411166127277
  ]
}