{
  "step": 52,
  "y_next": -0.7992800075282449,
  "z_next": [
    3.0,
    2.784172661870504
  ]
}