{
  "step": 69,
  "y_next": -1.8921924563790848,
  "z_next": [
    1.9640287769784175,
    1.2302158273381298
  ]
}