{
  "step": 6,
  "y_next": -0.4042574044014468,
  "z_next": [
    -2.741007194244604,
    -2.093525179856115
  ]
}