{
  "step": 118,
  "y_next": -0.37038294291969726,
  "z_next": [
    -2.697841726618705,
    1.057553956834533
  ]
}