{
  "step": 112,
  "y_next": -0.4440994011177302,
  "z_next": [
    -2.5251798561151078,
    -3.0
  ]
}