{
  "step": 41,
  "y_next": -0.3617992164137217,
  "z_next": [
    -3.0,
    0.8848920863309355
  ]
}