{
  "step": 14,
  "y_next": -1.6256398256114393,
  "z_next": [
    2.0276694449928234,
    -2.4234095526362216
  ]
}