{
  "step": 21,
  "y_next": -0.9750356532433572,
  "z_next": [
    1.1548327162201186,
    0.3996087252394509
  ]
}