{
  "step": 89,
  "y_next": -0.6665756778283038,
  "z_next": [
    -1.8345323741007193,
    0.3237410071942448
  ]
}