{
  "step": 94,
  "y_next": -0.3632342762523516,
  "z_next": [
    -2.827338129496403,
    1.1870503597122308
  ]
}