{
  "step": 99,
  "y_next": -0.3759370403062359,
  "z_next": [
    -3.0,
    1.4892086330935257
  ]
}