{
  "step": 85,
  "y_next": -0.4957997423511727,
  "z_next": [
    -2.1366906474820144,
    -2.5251798561151078
  ]
}