{
  "step": 106,
  "y_next": -0.4451176186208332,
  "z_next": [
    -2.4820143884892087,
    -1.014388489208633
  ]
}