{
  "step": 29,
  "y_next": -0.4013624169320982,
  "z_next": [
    -3.0,
    -2.7841726618705036
  ]
}