{
  "step": 18,
  "y_next": -10.104562222493039,
  "z_next": [
    -0.3497344725069276,
    2.8775203728763703
  ]
}