{
  "step": 59,
  "y_next": -5.453747821445137,
  "z_next": [
    0.6933573857030648,
    -2.257080102903351
  ]
}