{
  "step": 103,
  "y_next": -0.4545514421110802,
  "z_next": [
    -2.3956834532374103,
    0.28057553956834536
  ]
}