{
  "step": 111,
  "y_next": -0.4009636905548203,
  "z_next": [
    -2.741007194244604,
    -1.618705035971223
  ]
}