{
  "step": 16,
  "y_next": -0.7234641169995185,
  "z_next": [
    1.057553956834533,
    -0.7122302158273381
  ]
}