{
  "step": 49,
  "y_next": -1.3624976172701673,
  "z_next": [
    -1.2103060442638154,
    0.41978946420758945
  ]
}