{
  "step": 45,
  "y_next": -0.5619014292426051,
  "z_next": [
    -1.9640287769784173,
    -3.0
  ]
}