{
  "step": 110,
  "y_next": -0.36993306269829035,
  "z_next": [
    -3.0,
    -1.014388489208633
  ]
}