{
  "step": 80,
  "y_next": -0.36410930108774026,
  "z_next": [
    -3.0,
    0.10791366906474842
  ]
}