{
  "step": 25,
  "y_next": -0.38356616459882253,
  "z_next": [
    -2.0071942446043165,
    2.870503597122302
  ]
}