{
  "step": 34,
  "y_next": -0.8651385417183075,
  "z_next": [
    -1.5323741007194245,
    -1.6618705035971222
  ]
}