{
  "step": 102,
  "y_next": -0.4271577690557493,
  "z_next": [
    -1.881250683063969,
    1.8454816131527245
  ]
}