{
  "step": 55,
  "y_next": -1.7830446068977566,
  "z_next": [
    2.525179856115108,
    -3.0
  ]
}