{
  "step": 32,
  "y_next": -0.5322202758919442,
  "z_next": [
    -2.1366906474820144,
    0.3237410071942448
  ]
}