{
  "step": 1,
  "y_next": -0.36876017602668143,
  "z_next": [
    -2.9136690647482015,
    -0.15107913669064743
  ]
}