{
  "step": 104,
  "y_next": -0.35873316541010275,
  "z_next": [
    -2.4820143884892087,
    1.8345323741007196
  ]
}