{
  "step": 87,
  "y_next": -1.6315236705598333,
  "z_next": [
    2.913669064748202,
    3.0
  ]
}