{
  "step": 58,
  "y_next": -0.36624981900527454,
  "z_next": [
    -3.0,
    -0.6690647482014387
  ]
}