{
  "step": 71,
  "y_next": -0.6168338064427648,
  "z_next": [
    -1.9640287769784173,
    -0.7553956834532372
  ]
}