{
  "step": 84,
  "y_next": -0.40423308228655735,
  "z_next": [
    -2.8519276296520126,
    -2.5965022112205087
  ]
}