{
  "step": 47,
  "y_next": -0.8107345475909024,
  "z_next": [
    -1.489208633093525,
    1.014388489208633
  ]
}