{
  "step": 62,
  "y_next": -0.43829297124680594,
  "z_next": [
    -2.3093525179856114,
    0.971223021582734
  ]
}