{
  "step": 67,
  "y_next": -1.5167188821436277,
  "z_next": [
    1.4892086330935257,
    0.798561151079137
  ]
}