{
  "step": 119,
  "y_next": -1.368130939300286,
  "z_next": [
    -1.2302158273381294,
    -1.5323741007194245
  ]
}