{
  "step": 86,
  "y_next": -0.3943768125570959,
  "z_next": [
    -2.697841726618705,
    0.10791366906474842
  ]
}