{
  "step": 78,
  "y_next": -0.39954028397654423,
  "z_next": [
    -1.882841964717983,
    2.6662343399036015
  ]
}