{
  "step": 24,
  "y_next": -5.092576323349777,
  "z_next": [
    2.2230215827338133,
    2.697841726618705
  ]
}