{
  "step": 65,
  "y_next": -4.9794843128155915,
  "z_next": [
    -0.807023362419538,
    -2.9002321575967964
  ]
}