{
  "step": 22,
  "y_next": -0.7705778746514002,
  "z_next": [
    -1.7050359712230214,
    -0.4532374100719423
  ]
}