{
  "step": 107,
  "y_next": -9.96723431296304,
  "z_next": [
    -0.0716623161062726,
    -0.8663235729002663
  ]
}