{
  "step": 114,
  "y_next": -9.686153988486689,
  "z_next": [
    0.33389545662087095,
    -2.9445595590807554
  ]
}