{
  "step": 96,
  "y_next": -2.196052124372146,
  "z_next": [
    2.716749941831667,
    1.1249296583268915
  ]
}