{
  "step": 64,
  "y_next": -0.42102220778347543,
  "z_next": [
    -1.79136690647482,
    2.0503597122302164
  ]
}