{
  "step": 48,
  "y_next": -0.37145137513809484,
  "z_next": [
    -2.827338129496403,
    0.6690647482014391
  ]
}