{
  "step": 15,
  "y_next": -0.46830459492787024,
  "z_next": [
    -2.3093525179856114,
    -2.827338129496403
  ]
}