{
  "step": 57,
  "y_next": -2.2870307642014085,
  "z_next": [
    3.0,
    1.7913669064748206
  ]
}