{
  "step": 43,
  "y_next": -0.44488660566886934,
  "z_next": [
    -2.4820143884892087,
    -0.28057553956834536
  ]
}