{
  "step": 56,
  "y_next": -2.149535366915422,
  "z_next": [
    2.516895682468041,
    1.285447797294669
  ]
}