{
  "step": 46,
  "y_next": -1.242173813230611,
  "z_next": [
    -1.190551099952704,
    0.9610412249561104
  ]
}