{
  "step": 117,
  "y_next": -9.799070988835743,
  "z_next": [
    0.07436077977542244,
    0.48268282312878075
  ]
}