{
  "step": 5,
  "y_next": -0.5104335925180998,
  "z_next": [
    -2.22644221407088,
    -1.1074298944548968
  ]
}