{
  "step": 11,
  "y_next": -0.36335490071511456,
  "z_next": [
    -2.3093525179856114,
    1.8776978417266186
  ]
}