{
  "step": 70,
  "y_next": -10.099435844855842,
  "z_next": [
    -0.21929413569310263,
    2.247437745869979
  ]
}