{
  "step": 19,
  "y_next": -0.6307231532449407,
  "z_next": [
    -1.79136690647482,
    -2.4820143884892087
  ]
}