{
  "step": 20,
  "y_next": -1.8672681542025729,
  "z_next": [
    -1.0921009236361439,
    -0.5144220329119804
  ]
}