{
  "step": 42,
  "y_next": -1.0565136708047154,
  "z_next": [
    -1.6618705035971222,
    2.870503597122302
  ]
}