{
  "step": 33,
  "y_next": -2.1477894826850696,
  "z_next": [
    3.0,
    0.02158273381294995
  ]
}