{
  "step": 31,
  "y_next": -0.3835587513601777,
  "z_next": [
    -2.9568345323741005,
    -1.5755395683453237
  ]
}