{
  "step": 50,
  "y_next": -0.3713217744447368,
  "z_next": [
    -2.223021582733813,
    2.956834532374101
  ]
}