{
  "step": 97,
  "y_next": -2.206057022660021,
  "z_next": [
    2.6842235429335455,
    1.385134840620947
  ]
}