{
  "step": 90,
  "y_next": -0.5081495363287196,
  "z_next": [
    -1.6246840614805234,
    2.2895123952634844
  ]
}