{
  "step": 113,
  "y_next": -1.0423359694809635,
  "z_next": [
    -1.2785097401963725,
    1.0635798320305616
  ]
}