{
  "step": 4,
  "y_next": -1.4618833366819122,
  "z_next": [
    1.0006002926740063,
    1.0238272177089565
  ]
}