{
  "step": 83,
  "y_next": -0.43772990588670735,
  "z_next": [
    -2.0503597122302155,
    1.5323741007194247
  ]
}