{
  "step": 8,
  "y_next": -0.8536901991019459,
  "z_next": [
    1.100719424460432,
    0.1942446043165469
  ]
}