{
  "step": 68,
  "y_next": -0.3632590643028709,
  "z_next": [
    -2.6115107913669062,
    1.5323741007194247
  ]
}