{
  "step": 61,
  "y_next": -0.4293980718469418,
  "z_next": [
    -2.6546762589928057,
    3.0
  ]
}