{
  "step": 95,
  "y_next": -0.38663249481733586,
  "z_next": [
    -2.870503597122302,
    -0.9712230215827335
  ]
}