{
  "step": 109,
  "y_next": -0.41577406393354654,
  "z_next": [
    -2.6115107913669062,
    2.654676258992806
  ]
}