{
  "step": 120,
  "y_next": -0.5327532906894714,
  "z_next": [
    -1.7482014388489209,
    1.5323741007194247
  ]
}