{
  "step": 38,
  "y_next": -1.5509260361717159,
  "z_next": [
    1.6021422213523602,
    -0.5290791662109315
  ]
}