{
  "step": 39,
  "y_next": -1.0279616531279128,
  "z_next": [
    1.4892086330935257,
    -2.697841726618705
  ]
}