{
  "step": 108,
  "y_next": -0.678574804741478,
  "z_next": [
    -1.79136690647482,
    -1.4460431654676258
  ]
}