{
  "step": 116,
  "y_next": -0.529190860339358,
  "z_next": [
    1.057553956834533,
    -1.618705035971223
  ]
}