{
  "step": 100,
  "y_next": -0.7361223614005614,
  "z_next": [
    -1.7551795473533436,
    -0.45188718749096246
  ]
}