{
  "step": 30,
  "y_next": -1.5094057394326874,
  "z_next": [
    1.9736401753041788,
    -2.9718271428447176
  ]
}