{
  "step": 63,
  "y_next": -0.3962504750507919,
  "z_next": [
    -3.0,
    2.0503597122302164
  ]
}