{
  "step": 27,
  "y_next": -0.4538936922006911,
  "z_next": [
    -2.9568345323741005,
    2.913669064748202
  ]
}