{
  "step": 81,
  "y_next": -0.4292741432467866,
  "z_next": [
    -2.5251798561151078,
    -2.3956834532374103
  ]
}