{
  "step": 105,
  "y_next": -1.135745619058618,
  "z_next": [
    1.2268455503609639,
    -0.22109880005920068
  ]
}