{
  "step": 75,
  "y_next": -0.8254626317459514,
  "z_next": [
    1.2302158273381298,
    -3.0
  ]
}