{
  "step": 54,
  "y_next": -2.001528341595253,
  "z_next": [
    2.9042534481848783,
    -1.437954434475572
  ]
}