{
  "step": 60,
  "y_next": -0.627792710495172,
  "z_next": [
    1.143884892086331,
    -1.9640287769784173
  ]
}