{
  "step": 115,
  "y_next": -0.4232677778591388,
  "z_next": [
    -3.0,
    2.4388489208633093
  ]
}