{
  "step": 37,
  "y_next": -0.5533320387573807,
  "z_next": [
    -2.0071942446043165,
    -1.920863309352518
  ]
}