{
  "step": 53,
  "y_next": -0.8613757150688568,
  "z_next": [
    -1.5323741007194245,
    -2.870503597122302
  ]
}