{
  "step": 93,
  "y_next": -0.5188233697809373,
  "z_next": [
    -2.223021582733813,
    -0.49640287769784175
  ]
}