{
  "step": 44,
  "y_next": -0.45549445422155227,
  "z_next": [
    -2.352517985611511,
    -2.0503597122302155
  ]
}