{
  "step": 79,
  "y_next": -0.42264677209118234,
  "z_next": [
    -2.827338129496403,
    2.568345323741007
  ]
}